{
    "average_MLM_loss_nothing_turned_off": 4.43879470154643,
    "average_MLM_loss_cluster_turned_off": 4.516090293799838,
    "average_MLM_loss_double": 10.038977657159169,
    "average_MLM_loss_random_position_turned_off": 4.445890236665805,
    "average_MLM_loss_random_neuron_turned_off": 4.47423529885461,
    "average_MLM_loss_random_layer_dist_neuron_turned_off": 4.475325927341978,
    "average_MLM_loss_nothing_turned_off_random_tokens": 2.539287109375,
    "average_MLM_loss_cluster_turned_off_random_tokens": 2.5601980535189313
}