{
    "average_MLM_loss_nothing_turned_off": 4.6097312569618225,
    "average_MLM_loss_cluster_turned_off": 4.7010055200258885,
    "average_MLM_loss_double": 8.404293710390727,
    "average_MLM_loss_random_position_turned_off": 4.611343966643016,
    "average_MLM_loss_random_neuron_turned_off": 4.616894802093506,
    "average_MLM_loss_random_layer_dist_neuron_turned_off": 4.619228827476501,
    "average_MLM_loss_nothing_turned_off_random_tokens": 2.447181017398834,
    "average_MLM_loss_cluster_turned_off_random_tokens": 2.4823013178507485
}