{
    "average_MLM_loss_nothing_turned_off": 4.399413061738014,
    "average_MLM_loss_cluster_turned_off": 4.428129968841871,
    "average_MLM_loss_double": 9.405163263877233,
    "average_MLM_loss_random_position_turned_off": 4.406303092757861,
    "average_MLM_loss_random_neuron_turned_off": 4.452254044890404,
    "average_MLM_loss_random_layer_dist_neuron_turned_off": 4.456358478546142,
    "average_MLM_loss_nothing_turned_off_random_tokens": 2.4297018772363663,
    "average_MLM_loss_cluster_turned_off_random_tokens": 2.448258827527364
}