{
    "average_MLM_loss_nothing_turned_off": 4.444106564621131,
    "average_MLM_loss_cluster_turned_off": 4.528816893796126,
    "average_MLM_loss_double": 10.038385953903196,
    "average_MLM_loss_random_position_turned_off": 4.450535870412985,
    "average_MLM_loss_random_neuron_turned_off": 4.491602381984392,
    "average_MLM_loss_random_layer_dist_neuron_turned_off": 4.496264245112737,
    "average_MLM_loss_nothing_turned_off_random_tokens": 2.4610123668114348,
    "average_MLM_loss_cluster_turned_off_random_tokens": 2.480006835858027
}