{
    "average_MLM_loss_nothing_turned_off": 4.575797035992146,
    "average_MLM_loss_cluster_turned_off": 4.647570471763611,
    "average_MLM_loss_double": 10.004771690666676,
    "average_MLM_loss_random_position_turned_off": 4.582059740126133,
    "average_MLM_loss_random_neuron_turned_off": 4.632062158584595,
    "average_MLM_loss_random_layer_dist_neuron_turned_off": 4.632267374217511,
    "average_MLM_loss_nothing_turned_off_random_tokens": 2.4260508844256403,
    "average_MLM_loss_cluster_turned_off_random_tokens": 2.44832169175148
}