{
    "average_MLM_loss_nothing_turned_off": 4.042711921930314,
    "average_MLM_loss_cluster_turned_off": 4.252851267655691,
    "average_MLM_loss_double": 11.178306748072307,
    "average_MLM_loss_random_position_turned_off": 4.054726216077805,
    "average_MLM_loss_random_neuron_turned_off": 4.316240297317505,
    "average_MLM_loss_random_layer_dist_neuron_turned_off": 4.306223411798477,
    "average_MLM_loss_nothing_turned_off_random_tokens": 2.463527017434438,
    "average_MLM_loss_cluster_turned_off_random_tokens": 2.54343535343806
}