{
    "average_MLM_loss_nothing_turned_off": 4.599787706136704,
    "average_MLM_loss_cluster_turned_off": 4.760781149864197,
    "average_MLM_loss_double": 10.933602452278137,
    "average_MLM_loss_random_position_turned_off": 4.603837332725525,
    "average_MLM_loss_random_neuron_turned_off": 4.903028031826019,
    "average_MLM_loss_random_layer_dist_neuron_turned_off": 4.898153422832488,
    "average_MLM_loss_nothing_turned_off_random_tokens": 2.471530637741089,
    "average_MLM_loss_cluster_turned_off_random_tokens": 2.5804462635517122
}