{
    "average_MLM_loss_nothing_turned_off": 4.355773008267086,
    "average_MLM_loss_cluster_turned_off": 4.5708980806668595,
    "average_MLM_loss_double": 11.23955355644226,
    "average_MLM_loss_random_position_turned_off": 4.362479311068853,
    "average_MLM_loss_random_neuron_turned_off": 4.608429116566976,
    "average_MLM_loss_random_layer_dist_neuron_turned_off": 4.605382042169571,
    "average_MLM_loss_nothing_turned_off_random_tokens": 2.458059561252594,
    "average_MLM_loss_cluster_turned_off_random_tokens": 2.532609367370606
}