{
    "average_MLM_loss_nothing_turned_off": 4.4742830499013255,
    "average_MLM_loss_cluster_turned_off": 4.5465574341019,
    "average_MLM_loss_double": 10.076497687498728,
    "average_MLM_loss_random_position_turned_off": 4.482351921896139,
    "average_MLM_loss_random_neuron_turned_off": 4.5211742660204575,
    "average_MLM_loss_random_layer_dist_neuron_turned_off": 4.507404577036699,
    "average_MLM_loss_nothing_turned_off_random_tokens": 2.4952981583277385,
    "average_MLM_loss_cluster_turned_off_random_tokens": 2.5169937976201378
}