{
    "average_MLM_loss_nothing_turned_off": 4.336958396832149,
    "average_MLM_loss_cluster_turned_off": 4.568097561200459,
    "average_MLM_loss_double": 11.165607283910115,
    "average_MLM_loss_random_position_turned_off": 4.342530278205872,
    "average_MLM_loss_random_neuron_turned_off": 4.642104224046072,
    "average_MLM_loss_random_layer_dist_neuron_turned_off": 4.6206368814309435,
    "average_MLM_loss_nothing_turned_off_random_tokens": 2.5935441811879474,
    "average_MLM_loss_cluster_turned_off_random_tokens": 2.7139635562896727
}