{
    "average_MLM_loss_nothing_turned_off": 5.808530095418294,
    "average_MLM_loss_cluster_turned_off": 6.120519307454426,
    "average_MLM_loss_double": 14.900845661163332,
    "average_MLM_loss_random_position_turned_off": 5.816532682736714,
    "average_MLM_loss_random_neuron_turned_off": 6.214554085731506,
    "average_MLM_loss_random_layer_dist_neuron_turned_off": 6.192570087432862,
    "average_MLM_loss_nothing_turned_off_random_tokens": 3.3247547229131067,
    "average_MLM_loss_cluster_turned_off_random_tokens": 3.4807510344187422
}