{
    "average_MLM_loss_nothing_turned_off": 4.718144338130951,
    "average_MLM_loss_cluster_turned_off": 4.907161395549775,
    "average_MLM_loss_double": 11.236596264839172,
    "average_MLM_loss_random_position_turned_off": 4.722723747730255,
    "average_MLM_loss_random_neuron_turned_off": 4.985266360282898,
    "average_MLM_loss_random_layer_dist_neuron_turned_off": 4.988082740783691,
    "average_MLM_loss_nothing_turned_off_random_tokens": 2.5311930084228518,
    "average_MLM_loss_cluster_turned_off_random_tokens": 2.632247760295868
}