{
    "average_MLM_loss_nothing_turned_off": 4.388281910816828,
    "average_MLM_loss_cluster_turned_off": 4.618541291554768,
    "average_MLM_loss_double": 11.139389925003053,
    "average_MLM_loss_random_position_turned_off": 4.392985916217168,
    "average_MLM_loss_random_neuron_turned_off": 4.6429043995539345,
    "average_MLM_loss_random_layer_dist_neuron_turned_off": 4.701724561691284,
    "average_MLM_loss_nothing_turned_off_random_tokens": 2.420641641616821,
    "average_MLM_loss_cluster_turned_off_random_tokens": 2.541177939573924
}