{
    "0": {
        "nothing_turned_off": 7.365965470023777,
        "cluster_turned_off": 7.699107957922894,
        "random_neuron_turned_off": 7.576337067977242,
        "random_layer_dist_neuron_turned_off": 7.306519218113111
    },
    "1": {
        "nothing_turned_off": 4.749071439107259,
        "cluster_turned_off": 5.1978427569071455,
        "random_neuron_turned_off": 5.131877422332764,
        "random_layer_dist_neuron_turned_off": 5.180233001708984
    },
    "2": {
        "nothing_turned_off": 5.625887155532837,
        "cluster_turned_off": 5.611547470092773,
        "random_neuron_turned_off": 5.521478652954102,
        "random_layer_dist_neuron_turned_off": 5.896451234817505
    },
    "3": {
        "nothing_turned_off": 3.6423655351003013,
        "cluster_turned_off": 3.632894277572632,
        "random_neuron_turned_off": 3.833894968032837,
        "random_layer_dist_neuron_turned_off": 4.192921956380208
    },
    "4": {
        "nothing_turned_off": 17.971237182617188,
        "cluster_turned_off": 16.97921400803786,
        "random_neuron_turned_off": 18.603985126201923,
        "random_layer_dist_neuron_turned_off": 18.44229478102464
    },
    "5": {
        "nothing_turned_off": 7.461361428965693,
        "cluster_turned_off": 7.22833716351053,
        "random_neuron_turned_off": 7.903283824091372,
        "random_layer_dist_neuron_turned_off": 7.865505052649456
    },
    "6": {
        "nothing_turned_off": 5.961234051248302,
        "cluster_turned_off": 6.375244140625,
        "random_neuron_turned_off": 7.946872213612432,
        "random_layer_dist_neuron_turned_off": 6.319590692934782
    },
    "7": {
        "nothing_turned_off": 17.927534103393555,
        "cluster_turned_off": 18.151185989379883,
        "random_neuron_turned_off": 18.328083038330078,
        "random_layer_dist_neuron_turned_off": 18.510225296020508
    },
    "8": {
        "nothing_turned_off": 1.4986637036005657,
        "cluster_turned_off": 1.5575694640477498,
        "random_neuron_turned_off": 1.6474015712738037,
        "random_layer_dist_neuron_turned_off": 1.7453715801239014
    },
    "9": {
        "nothing_turned_off": 2.121709187825521,
        "cluster_turned_off": 2.248194615046183,
        "random_neuron_turned_off": 2.121139963467916,
        "random_layer_dist_neuron_turned_off": 2.166988213857015
    },
    "10": {
        "nothing_turned_off": 13.201610310872395,
        "cluster_turned_off": 13.539840698242188,
        "random_neuron_turned_off": 13.66395975748698,
        "random_layer_dist_neuron_turned_off": 13.932936604817709
    },
    "11": {
        "nothing_turned_off": 8.627517488267687,
        "cluster_turned_off": 8.931151919894749,
        "random_neuron_turned_off": 9.783939573499891,
        "random_layer_dist_neuron_turned_off": 8.65799691942003
    },
    "12": {
        "nothing_turned_off": 15.433697700500488,
        "cluster_turned_off": 16.038345336914062,
        "random_neuron_turned_off": 15.443034172058105,
        "random_layer_dist_neuron_turned_off": 15.624374389648438
    },
    "13": {
        "nothing_turned_off": 10.215631555627894,
        "cluster_turned_off": 10.5820233380353,
        "random_neuron_turned_off": 10.336822509765625,
        "random_layer_dist_neuron_turned_off": 10.109377260561343
    },
    "14": {
        "nothing_turned_off": 5.81518339774978,
        "cluster_turned_off": 5.8791905792666155,
        "random_neuron_turned_off": 5.733759920362016,
        "random_layer_dist_neuron_turned_off": 5.732378032845511
    },
    "15": {
        "nothing_turned_off": 6.264716058028371,
        "cluster_turned_off": 6.722482621042352,
        "random_neuron_turned_off": 6.638386615953947,
        "random_layer_dist_neuron_turned_off": 7.252300382915296
    },
    "16": {
        "nothing_turned_off": 1.1407530124370868,
        "cluster_turned_off": 2.112874544583834,
        "random_neuron_turned_off": 2.43165030846229,
        "random_layer_dist_neuron_turned_off": 2.8131529001089244
    },
    "17": {
        "nothing_turned_off": 9.448081665039062,
        "cluster_turned_off": 9.698788146972657,
        "random_neuron_turned_off": 9.808607788085938,
        "random_layer_dist_neuron_turned_off": 9.485253601074218
    },
    "18": {
        "nothing_turned_off": 4.692782878875732,
        "cluster_turned_off": 4.899754524230957,
        "random_neuron_turned_off": 4.665139516194661,
        "random_layer_dist_neuron_turned_off": 4.843024889628093
    },
    "19": {
        "nothing_turned_off": 3.404526472091675,
        "cluster_turned_off": 3.34863289197286,
        "random_neuron_turned_off": 4.0135854085286455,
        "random_layer_dist_neuron_turned_off": 3.538388729095459
    },
    "20": {
        "nothing_turned_off": 9.810494316948784,
        "cluster_turned_off": 9.983755323621962,
        "random_neuron_turned_off": 11.174334208170572,
        "random_layer_dist_neuron_turned_off": 9.996988932291666
    },
    "21": {
        "nothing_turned_off": 5.786548614501953,
        "cluster_turned_off": 6.118775526682536,
        "random_neuron_turned_off": 5.603034019470215,
        "random_layer_dist_neuron_turned_off": 5.827817440032959
    },
    "22": {
        "nothing_turned_off": 10.329999287923178,
        "cluster_turned_off": 11.204613579644096,
        "random_neuron_turned_off": 11.06331041124132,
        "random_layer_dist_neuron_turned_off": 10.771247016059029
    },
    "23": {
        "nothing_turned_off": 2.024685263633728,
        "cluster_turned_off": 2.0871367851893106,
        "random_neuron_turned_off": 2.1230964263280234,
        "random_layer_dist_neuron_turned_off": 2.0620526472727456
    },
    "24": {
        "nothing_turned_off": 4.291025601900541,
        "cluster_turned_off": 4.359265547532302,
        "random_neuron_turned_off": 4.905186873215896,
        "random_layer_dist_neuron_turned_off": 4.226125863882212
    },
    "25": {
        "nothing_turned_off": 3.7299991448720298,
        "cluster_turned_off": 3.784937302271525,
        "random_neuron_turned_off": 3.926829973856608,
        "random_layer_dist_neuron_turned_off": 4.172871987024943
    },
    "26": {
        "nothing_turned_off": 12.545975905198317,
        "cluster_turned_off": 12.919630784254808,
        "random_neuron_turned_off": 12.648477016351162,
        "random_layer_dist_neuron_turned_off": 12.710423396183895
    },
    "27": {
        "nothing_turned_off": 7.793568661338405,
        "cluster_turned_off": 8.065886648077713,
        "random_neuron_turned_off": 8.193732813784951,
        "random_layer_dist_neuron_turned_off": 7.953300074527138
    },
    "28": {
        "nothing_turned_off": 5.676136493682861,
        "cluster_turned_off": 6.705417950948079,
        "random_neuron_turned_off": 6.805092493693034,
        "random_layer_dist_neuron_turned_off": 6.298419157663981
    },
    "29": {
        "nothing_turned_off": 4.527984336570457,
        "cluster_turned_off": 4.618777333954235,
        "random_neuron_turned_off": 5.625286714530286,
        "random_layer_dist_neuron_turned_off": 5.8556569417317705
    },
    "30": {
        "nothing_turned_off": 16.146205357142858,
        "cluster_turned_off": 16.105236380440846,
        "random_neuron_turned_off": 16.02289821079799,
        "random_layer_dist_neuron_turned_off": 16.04235578264509
    },
    "31": {
        "nothing_turned_off": 6.4786732991536455,
        "cluster_turned_off": 6.530259132385254,
        "random_neuron_turned_off": 6.444105625152588,
        "random_layer_dist_neuron_turned_off": 6.5663688977559405
    },
    "32": {
        "nothing_turned_off": 4.7397433916727705,
        "cluster_turned_off": 4.812594095865886,
        "random_neuron_turned_off": 4.851065158843994,
        "random_layer_dist_neuron_turned_off": 4.966721216837565
    },
    "33": {
        "nothing_turned_off": 0.7825935880343119,
        "cluster_turned_off": 0.8055687546730042,