{
    "0": {
        "nothing_turned_off": 7.365965470023777,
        "cluster_turned_off": 7.699107957922894,
        "random_neuron_turned_off": 7.447196628736413,
        "random_layer_dist_neuron_turned_off": 7.900106546153194
    },
    "1": {
        "nothing_turned_off": 4.718575477600098,
        "cluster_turned_off": 5.280798276265462,
        "random_neuron_turned_off": 5.241804599761965,
        "random_layer_dist_neuron_turned_off": 5.151329485575358
    },
    "2": {
        "nothing_turned_off": 5.613482713699341,
        "cluster_turned_off": 5.5956032276153564,
        "random_neuron_turned_off": 5.455712318420409,
        "random_layer_dist_neuron_turned_off": 5.804978895187378
    },
    "3": {
        "nothing_turned_off": 3.3967535495758057,
        "cluster_turned_off": 3.3999754587809243,
        "random_neuron_turned_off": 3.6880205472310403,
        "random_layer_dist_neuron_turned_off": 3.930264170964558
    },
    "4": {
        "nothing_turned_off": 17.971237182617188,
        "cluster_turned_off": 16.97921400803786,
        "random_neuron_turned_off": 18.055678147536057,
        "random_layer_dist_neuron_turned_off": 18.21969252366286
    },
    "5": {
        "nothing_turned_off": 7.461361428965693,
        "cluster_turned_off": 7.22833716351053,
        "random_neuron_turned_off": 7.700268952742867,
        "random_layer_dist_neuron_turned_off": 8.236033829398778
    },
    "6": {
        "nothing_turned_off": 5.961234051248302,
        "cluster_turned_off": 6.375244140625,
        "random_neuron_turned_off": 6.602109162703805,
        "random_layer_dist_neuron_turned_off": 6.4541570248811135
    },
    "7": {
        "nothing_turned_off": 17.927534103393555,
        "cluster_turned_off": 18.151185989379883,
        "random_neuron_turned_off": 17.844968795776367,
        "random_layer_dist_neuron_turned_off": 18.050914764404293
    },
    "8": {
        "nothing_turned_off": 1.637123664220174,
        "cluster_turned_off": 1.7282482782999675,
        "random_neuron_turned_off": 1.7106099526087444,
        "random_layer_dist_neuron_turned_off": 1.7876169443130496
    },
    "9": {
        "nothing_turned_off": 2.5161726474761963,
        "cluster_turned_off": 2.526174704233805,
        "random_neuron_turned_off": 2.6873238086700435,
        "random_layer_dist_neuron_turned_off": 2.57874083518982
    },
    "10": {
        "nothing_turned_off": 13.201610310872395,
        "cluster_turned_off": 13.539840698242188,
        "random_neuron_turned_off": 12.649997965494792,
        "random_layer_dist_neuron_turned_off": 13.967456665039064
    },
    "11": {
        "nothing_turned_off": 7.635180155436198,
        "cluster_turned_off": 7.943797005547418,
        "random_neuron_turned_off": 7.93865606519911,
        "random_layer_dist_neuron_turned_off": 8.081765916612413
    },
    "12": {
        "nothing_turned_off": 15.433697700500488,
        "cluster_turned_off": 16.038345336914062,
        "random_neuron_turned_off": 15.80945873260498,
        "random_layer_dist_neuron_turned_off": 15.693215751647948
    },
    "13": {
        "nothing_turned_off": 10.215631555627894,
        "cluster_turned_off": 10.5820233380353,
        "random_neuron_turned_off": 10.119121410228589,
        "random_layer_dist_neuron_turned_off": 10.370860234013309
    },
    "14": {
        "nothing_turned_off": 5.9266909747056555,
        "cluster_turned_off": 5.859109045754017,
        "random_neuron_turned_off": 5.846812610894861,
        "random_layer_dist_neuron_turned_off": 6.194664990062444
    },
    "15": {
        "nothing_turned_off": 6.218156031558388,
        "cluster_turned_off": 6.692864347759046,
        "random_neuron_turned_off": 6.258998509457236,
        "random_layer_dist_neuron_turned_off": 6.478968313116777
    },
    "16": {
        "nothing_turned_off": 1.1407530124370868,
        "cluster_turned_off": 2.112874544583834,
        "random_neuron_turned_off": 2.368449871356671,
        "random_layer_dist_neuron_turned_off": 2.692649166400616
    },
    "17": {
        "nothing_turned_off": 9.085256958007813,
        "cluster_turned_off": 9.382272033691406,
        "random_neuron_turned_off": 9.5051513671875,
        "random_layer_dist_neuron_turned_off": 9.290616882324219
    },
    "18": {
        "nothing_turned_off": 4.5478090445200605,
        "cluster_turned_off": 4.728501319885254,
        "random_neuron_turned_off": 4.7021272977193185,
        "random_layer_dist_neuron_turned_off": 4.72985479036967
    },
    "19": {
        "nothing_turned_off": 3.3458738327026367,
        "cluster_turned_off": 3.253576676050822,
        "random_neuron_turned_off": 3.3420130411783853,
        "random_layer_dist_neuron_turned_off": 3.5390496253967285
    },
    "20": {
        "nothing_turned_off": 9.810494316948784,
        "cluster_turned_off": 9.983755323621962,
        "random_neuron_turned_off": 10.157549540201822,
        "random_layer_dist_neuron_turned_off": 10.66745385064019
    },
    "21": {
        "nothing_turned_off": 5.529947916666667,
        "cluster_turned_off": 5.882712999979655,
        "random_neuron_turned_off": 5.579745610555012,
        "random_layer_dist_neuron_turned_off": 5.922628561655679
    },
    "22": {
        "nothing_turned_off": 10.329999287923178,
        "cluster_turned_off": 11.204613579644096,
        "random_neuron_turned_off": 11.040010240342882,
        "random_layer_dist_neuron_turned_off": 10.940349663628472
    },
    "23": {
        "nothing_turned_off": 2.2882226705551147,
        "cluster_turned_off": 2.3412328958511353,
        "random_neuron_turned_off": 2.335767070452373,
        "random_layer_dist_neuron_turned_off": 2.307225688298543
    },
    "24": {
        "nothing_turned_off": 4.484703063964844,
        "cluster_turned_off": 4.573350319495568,
        "random_neuron_turned_off": 4.530780792236327,
        "random_layer_dist_neuron_turned_off": 4.495687103271485
    },
    "25": {
        "nothing_turned_off": 3.2043493588765464,
        "cluster_turned_off": 3.2542055447896323,
        "random_neuron_turned_off": 3.3426830768585205,
        "random_layer_dist_neuron_turned_off": 3.257971684137981
    },
    "26": {
        "nothing_turned_off": 12.096329909104567,
        "cluster_turned_off": 12.45291959322416,
        "random_neuron_turned_off": 12.478713598006813,
        "random_layer_dist_neuron_turned_off": 12.205590976812902
    },
    "27": {
        "nothing_turned_off": 7.793568661338405,
        "cluster_turned_off": 8.065886648077713,
        "random_neuron_turned_off": 8.101024426912007,
        "random_layer_dist_neuron_turned_off": 7.955271510074012
    },
    "28": {
        "nothing_turned_off": 5.888225396474202,
        "cluster_turned_off": 6.956325689951579,
        "random_neuron_turned_off": 7.203845977783203,
        "random_layer_dist_neuron_turned_off": 6.923879973093669
    },
    "29": {
        "nothing_turned_off": 4.605051205482012,
        "cluster_turned_off": 4.709370365849248,
        "random_neuron_turned_off": 5.996488971474729,
        "random_layer_dist_neuron_turned_off": 5.472656852816358
    },
    "30": {
        "nothing_turned_off": 16.08197762625558,
        "cluster_turned_off": 16.20576825823103,
        "random_neuron_turned_off": 15.50027640206473,
        "random_layer_dist_neuron_turned_off": 16.01530979701451
    },
    "31": {
        "nothing_turned_off": 6.138470967610677,
        "cluster_turned_off": 6.21070925394694,
        "random_neuron_turned_off": 6.24025583267212,
        "random_layer_dist_neuron_turned_off": 6.279535579681397
    },
    "32": {
        "nothing_turned_off": 4.573023001352946,
        "cluster_turned_off": 4.661604404449463,
        "random_neuron_turned_off": 4.677247206370036,
        "random_layer_dist_neuron_turned_off": 4.595974127451579
    },
    "33": {
        "nothing_turned_off": 0.8354283571243286,
        "cluster_turned_off": 0.8508992592493693,